<?xml version="1.0" encoding="UTF-8" ?>
<OfficeApp
  xmlns="http://schemas.microsoft.com/office/appforoffice/1.1"
  xmlns:bt="http://schemas.microsoft.com/office/officeappbasictypes/1.0"
  xmlns:mailappor="http://schemas.microsoft.com/office/mailappversionoverrides"
  xmlns:xsi="http://www.w3.org/2001/XMLSchema-instance"
  xsi:type="MailApp"
>
  <Id>D0590B2A-0CB8-4B4F-AD70-C520AFA6E3FC</Id>
  <Version>1.0</Version>
  <ProviderName>Litera</ProviderName>
  <DefaultLocale>en-us</DefaultLocale>
  <DisplayName DefaultValue="Litera Metadact" />
  <Description DefaultValue="Litera Metadact add-in for Outlook {{version}}" />
  <IconUrl DefaultValue="https://localhost:3000/assets/litera-32.png" />
  <HighResolutionIconUrl DefaultValue="https://localhost:3000/assets/litera-80.png" />
  <SupportUrl DefaultValue="https://support.litera.com/s" />
  <Requirements>
    <Sets DefaultMinVersion="1.8">
      <Set Name="Mailbox" />
    </Sets>
  </Requirements>
  <FormSettings>
    <Form xsi:type="ItemEdit">
      <DesktopSettings>
        <SourceLocation DefaultValue="https://localhost:3000/index.html" />
      </DesktopSettings>
    </Form>
  </FormSettings>
  <Permissions>ReadWriteMailbox</Permissions>
  <Rule xsi:type="RuleCollection" Mode="Or">
    <Rule xsi:type="ItemIs" ItemType="Message" FormType="Edit" />
    <Rule xsi:type="ItemIs" ItemType="Appointment" FormType="Edit" />
  </Rule>
  <VersionOverrides xmlns="http://schemas.microsoft.com/office/mailappversionoverrides" xsi:type="VersionOverridesV1_0">
    <VersionOverrides
      xmlns="http://schemas.microsoft.com/office/mailappversionoverrides/1.1"
      xsi:type="VersionOverridesV1_1"
    >
    
    <Requirements>
      <bt:Sets DefaultMinVersion="1.8">
        <bt:Set Name="Mailbox" />
      </bt:Sets>
    </Requirements>

      <Hosts>
        <Host xsi:type="MailHost">

          <!-- Event-based activation happens in a lightweight runtime.-->
          <Runtimes>
            <!-- HTML file including reference to or inline JavaScript event handlers.
            This is used by Outlook on the web and Outlook on the new Mac UI preview. -->
                      <Runtime resid="WebViewRuntime.Url">
                      <!-- JavaScript file containing event handlers. This is used by Outlook Desktop. -->
                      <Override type="javascript" resid="JSRuntime.Url" />
          </Runtime>

          </Runtimes>

          <DesktopFormFactor>
            
            <FunctionFile resid="Commands.Url" />

            <!-- Message Compose -->
            <ExtensionPoint xsi:type="MessageComposeCommandSurface">
              <OfficeTab id="TabDefault">
                <Group id="Metadact">
                  <Label resid="Metadact" />
                  <Control xsi:type="Button" id="openTaskPaneButton">
                    <Label resid="TaskpaneButton.Label" />
                    <Supertip>
                      <Title resid="TaskpaneButton.Label" />
                      <Description resid="TaskpaneButton.Tooltip" />
                    </Supertip>
                    <Icon>
                      <bt:Image size="16" resid="LiteraIcon.16x16" />
                      <bt:Image size="32" resid="LiteraIcon.32x32" />
                      <bt:Image size="80" resid="LiteraIcon.80x80" />
                    </Icon>
                    <Action xsi:type="ShowTaskpane">
                      <SourceLocation resid="Taskpane.Url" />
                    </Action>
                  </Control>
                </Group>
              </OfficeTab>
            </ExtensionPoint>
              
            
            <!-- Can configure other command surface extension points for add-in command support. -->

            <!-- Enable launching the add-in on the included events. -->
            <ExtensionPoint xsi:type="LaunchEvent">
              <LaunchEvents>
                <LaunchEvent Type="OnNewMessageCompose" FunctionName="onMessageComposeHandler" />
                <LaunchEvent Type="OnNewAppointmentOrganizer" FunctionName="onAppointmentComposeHandler" />
                
                <!-- Other available events (currently released) -->
                <!--
                <LaunchEvent Type="OnMessageAttachmentsChanged" FunctionName="onMessageAttachmentsChangedHandler" />
                <LaunchEvent Type="OnAppointmentAttachmentsChanged" FunctionName="onAppointmentAttachmentsChangedHandler" />
                <LaunchEvent Type="OnMessageRecipientsChanged" FunctionName="onMessageRecipientsChangedHandler" />
                <LaunchEvent Type="OnAppointmentAttendeesChanged" FunctionName="onAppointmentAttendeesChangedHandler" />
                <LaunchEvent Type="OnAppointmentTimeChanged" FunctionName="onAppointmentTimeChangedHandler" />
                <LaunchEvent Type="OnAppointmentRecurrenceChanged" FunctionName="onAppointmentRecurrenceChangedHandler" />
                <LaunchEvent Type="OnInfoBarDismissClicked" FunctionName="onInfobarDismissClickedHandler" />
                -->

                <!-- Other available events (currently in preview) -->
                <!--
                <LaunchEvent Type="OnMessageSend" FunctionName="onMessageSendHandler" SendMode="PromptUser" />
                <LaunchEvent Type="OnAppointmentSend" FunctionName="onAppointmentSendHandler" SendMode="PromptUser" />
                -->
              </LaunchEvents>
              <!-- Identifies the runtime to be used (also referenced by the Runtime element). -->
              <SourceLocation resid="WebViewRuntime.Url" />
            </ExtensionPoint>

            <ExtensionPoint xsi:type="Events">
              <Event Type="ItemSend" FunctionExecution="synchronous" FunctionName="processOnSendEvent" />
            </ExtensionPoint>


          </DesktopFormFactor>
        </Host>
      </Hosts>

      <Resources>

        <bt:Images>
          <bt:Image id="LiteraIcon.16x16" DefaultValue="https://localhost:3000/assets/litera-16.png" />
          <bt:Image id="LiteraIcon.32x32" DefaultValue="https://localhost:3000/assets/litera-32.png" />
          <bt:Image id="LiteraIcon.80x80" DefaultValue="https://localhost:3000/assets/litera-80.png" />
          <bt:Image id="litera-logo" DefaultValue="https://localhost:3000/assets/litera-logo.png" />
        </bt:Images>

        <bt:Urls>
          <bt:Url id="Commands.Url" DefaultValue="https://localhost:3000/index.html" />
          <bt:Url id="Taskpane.Url" DefaultValue="https://localhost:3000/taskpane.html" />
          <bt:Url id="WebViewRuntime.Url" DefaultValue="https://localhost:3000/index.html" />
          <!-- Entry needed for Outlook Desktop. -->
          <bt:Url id="JSRuntime.Url" DefaultValue="https://localhost:3000/launchevent.js" />
        </bt:Urls>


        <bt:ShortStrings>
          <bt:String id="Metadact" DefaultValue="Metadact" />
          <bt:String id="TaskpaneButton.Label" DefaultValue="Taskpane" />
        </bt:ShortStrings>


        <bt:LongStrings>
          <bt:String id="TaskpaneButton.Tooltip" DefaultValue="Taskpane for Metadact Add-in" />
        </bt:LongStrings>


      </Resources>

    </VersionOverrides>
    </VersionOverrides>

</OfficeApp>
