{
    "metadataSettings": {
        "word": {
            "builtInProperties": {
                "applicationName": {
                    "action": "Delete"
                },
                "applicationVersion": {
                    "action": "Delete"
                },
                "author": {
                    "changeToValue": "string",
                    "action": "Delete"
                },
                "category": {
                    "changeToValue": "string",
                    "action": "Delete"
                },
                "characterCount": {
                    "action": "Delete"
                },
                "characterCountIncludingSpaces": {
                    "action": "Delete"
                },
                "comments": {
                    "changeToValue": "string",
                    "action": "Delete"
                },
                "company": {
                    "changeToValue": "string",
                    "action": "Delete"
                },
                "contentProperties": {
                    "action": "Delete"
                },
                "contentStatus": {
                    "action": "Delete"
                },
                "creationDate": {
                    "changeToValue": "2021-06-11T14:12:30.842Z",
                    "action": "Delete"
                },
                "documentVersion": {
                    "action": "Delete"
                },
                "format": {
                    "action": "Delete"
                },
                "hyperlinkBase": {
                    "action": "Delete"
                },
                "hyperlinksChanged": {
                    "action": "Delete"
                },
                "hyperlinksUpToDate": {
                    "action": "Delete"
                },
                "keywords": {
                    "exclusions": [],
                    "changeToValue": "string",
                    "action": "Delete"
                },
                "language": {
                    "action": "Delete"
                },
                "lastAuthor": {
                    "changeToValue": "string",
                    "action": "Delete"
                },
                "lastPrintDate": {
                    "changeToValue": "2021-06-11T14:12:30.842Z",
                    "action": "Delete"
                },
                "lastSaveDate": {
                    "changeToValue": "2021-06-11T14:12:30.842Z",
                    "action": "Delete"
                },
                "lineCount": {
                    "action": "Delete"
                },
                "manager": {
                    "changeToValue": "string",
                    "action": "Delete"
                },
                "pageCount": {
                    "action": "Delete"
                },
                "paragraphCount": {
                    "action": "Delete"
                },
                "revisionNumber": {
                    "action": "Delete"
                },
                "scaleCrop": {
                    "action": "Delete"
                },
                "security": {
                    "action": "Delete"
                },
                "sharedDocument": {
                    "action": "Delete"
                },
                "subject": {
                    "changeToValue": "string",
                    "action": "Delete"
                },
                "template": {
                    "action": "Delete"
                },
                "title": {
                    "changeToValue": "string",
                    "action": "Delete"
                },
                "totalEditingTime": {
                    "action": "Delete"
                },
                "wordCount": {
                    "action": "Delete"
                }
            },
            "personalInformation": {
                "namesAssociatedWithCommentsAndTrackChanges": {
                    "changeToValue": "string",
                    "action": "Delete"
                },
                "dateAndTimeAssociatedWithCommentsAndTrackChanges": {
                    "changeToValue": "2021-06-11T14:12:30.842Z",
                    "action": "Delete"
                },
                "userAddress": {
                    "changeToValue": "string",
                    "action": "Delete"
                },
                "userInitials": {
                    "changeToValue": "string",
                    "action": "Delete"
                },
                "userName": {
                    "changeToValue": "string",
                    "action": "Delete"
                }
            },
            "alternativeText": {
                "action": "Delete"
            },
            "bookmarks": {
                "exclusions": [],
                "action": "Delete"
            },
            "comments": {
                "alert": true,
                "action": "Delete"
            },
            "controls": {
                "action": "Delete"
            },
            "customProperties": {
                "exclusions": [],
                "action": "Delete"
            },
            "customUiXml": {
                "action": "Delete"
            },
            "customXml": {
                "action": "Delete"
            },
            "databaseQueries": {
                "action": "Delete"
            },
            "endnotes": {
                "action": "Delete"
            },
            "fields": {
                "exclusions": [],
                "action": "Delete"
            },
            "footers": {
                "action": "Delete"
            },
            "footnotes": {
                "action": "Delete"
            },
            "drawingObjects": {
                "action": "Delete"
            },
            "headers": {
                "action": "Delete"
            },
            "hiddenObjects": {
                "action": "Delete"
            },
            "hiddenText": {
                "action": "Delete"
            },
            "highlightedText": {
                "action": "Delete"
            },
            "hyperlinks": {
                "action": "Leave"
            },
            "inkAnnotations": {
                "action": "Delete"
            },
            "mailMergeData": {
                "action": "Delete"
            },
            "oleObjects": {
                "action": "Delete"
            },
            "pictures": {
                "action": "Delete"
            },
            "smallText": {
                "threshold": 0,
                "action": "Delete"
            },
            "tableOfContents": {
                "action": "Delete"
            },
            "thumbnail": {
                "action": "Delete"
            },
            "trackedChanges": {
                "alert": true,
                "action": "AcceptAll"
            },
            "vbaCode": {
                "action": "Delete"
            },
            "vbaVariables": {
                "exclusions": [],
                "action": "Delete"
            },
            "obfuscatedText": {
                "action": "Delete"
            },
            "xmlComments": {
                "action": "Delete"
            }
        },
        "excel": {
            "builtInProperties": {
                "applicationName": {
                    "action": "Delete"
                },
                "applicationVersion": {
                    "action": "Delete"
                },
                "author": {
                    "changeToValue": "string",
                    "action": "Delete"
                },
                "category": {
                    "changeToValue": "string",
                    "action": "Delete"
                },
                "comments": {
                    "changeToValue": "string",
                    "action": "Delete"
                },
                "company": {
                    "changeToValue": "string",
                    "action": "Delete"
                },
                "contentProperties": {
                    "action": "Delete"
                },
                "contentStatus": {
                    "action": "Delete"
                },
                "creationDate": {
                    "changeToValue": "2021-06-11T14:12:30.842Z",
                    "action": "Delete"
                },
                "documentVersion": {
                    "action": "Delete"
                },
                "format": {
                    "action": "Delete"
                },
                "hyperlinkBase": {
                    "action": "Delete"
                },
                "hyperlinksChanged": {
                    "action": "Delete"
                },
                "hyperlinksUpToDate": {
                    "action": "Delete"
                },
                "keywords": {
                    "exclusions": [],
                    "changeToValue": "string",
                    "action": "Delete"
                },
                "language": {
                    "action": "Delete"
                },
                "lastAuthor": {
                    "changeToValue": "string",
                    "action": "Delete"
                },
                "lastPrintDate": {
                    "changeToValue": "2021-06-11T14:12:30.842Z",
                    "action": "Delete"
                },
                "lastSaveDate": {
                    "changeToValue": "2021-06-11T14:12:30.842Z",
                    "action": "Delete"
                },
                "manager": {
                    "changeToValue": "string",
                    "action": "Delete"
                },
                "revisionNumber": {
                    "action": "Delete"
                },
                "scaleCrop": {
                    "action": "Delete"
                },
                "security": {
                    "action": "Delete"
                },
                "sharedDocument": {
                    "action": "Delete"
                },
                "subject": {
                    "changeToValue": "string",
                    "action": "Delete"
                },
                "template": {
                    "action": "Delete"
                },
                "title": {
                    "changeToValue": "string",
                    "action": "Delete"
                },
                "totalEditingTime": {
                    "action": "Delete"
                }
            },
            "comments": {
                "alert": true,
                "action": "Delete"
            },
            "customProperties": {
                "exclusions": [],
                "action": "Delete"
            },
            "customUiXml": {
                "action": "Delete"
            },
            "customXml": {
                "action": "Delete"
            },
            "dataConnection": {
                "action": "Delete"
            },
            "definedNamesComments": {
                "action": "Delete"
            },
            "hiddenObjects": {
                "action": "Delete"
            },
            "inkAnnotations": {
                "action": "Delete"
            },
            "obfuscatedText": {
                "action": "Delete"
            },
            "personalInformation": {
                "action": "Delete"
            },
            "scenariosComments": {
                "action": "Delete"
            },
            "trackedChanges": {
                "alert": true,
                "action": "AcceptAll"
            },
            "vbaCode": {
                "action": "Delete"
            },
            "alternativeText": {
                "action": "Delete"
            },
            "customViews": {
                "action": "Delete"
            },
            "hiddenColumns": {
                "alert": true,
                "action": "DeleteContent"
            },
            "hiddenRows": {
                "alert": true,
                "action": "DeleteContent"
            },
            "hiddenSheets": {
                "alert": true,
                "action": "Delete"
            },
            "oleObjects": {
                "action": "Delete"
            },
            "smallText": {
                "threshold": 0,
                "action": "Delete"
            },
            "thumbnail": {
                "action": "Delete"
            },
            "worksheetProperties": {
                "action": "Delete"
            },
            "xmlComments": {
                "action": "Delete"
            },
            "charts": {
                "action": "Delete"
            },
            "definedNames": {
                "action": "Delete"
            },
            "footers": {
                "action": "Delete"
            },
            "formulas": {
                "alert": true,
                "action": "Delete"
            },
            "headers": {
                "action": "Delete"
            },
            "hyperlinks": {
                "action": "Leave"
            },
            "links": {
                "action": "Delete"
            },
            "pictures": {
                "action": "Delete"
            },
            "printerInformation": {
                "action": "Delete"
            },
            "scenarios": {
                "action": "Delete"
            }
        },
        "powerPoint": {
            "builtInProperties": {
                "applicationName": {
                    "action": "Delete"
                },
                "applicationVersion": {
                    "action": "Delete"
                },
                "author": {
                    "changeToValue": "string",
                    "action": "Delete"
                },
                "category": {
                    "changeToValue": "string",
                    "action": "Delete"
                },
                "comments": {
                    "changeToValue": "string",
                    "action": "Delete"
                },
                "company": {
                    "changeToValue": "string",
                    "action": "Delete"
                },
                "contentProperties": {
                    "action": "Delete"
                },
                "contentStatus": {
                    "action": "Delete"
                },
                "creationDate": {
                    "changeToValue": "2021-06-11T14:12:30.842Z",
                    "action": "Delete"
                },
                "documentVersion": {
                    "action": "Delete"
                },
                "format": {
                    "action": "Delete"
                },
                "hiddenSlidesCount": {
                    "action": "Delete"
                },
                "hyperlinkBase": {
                    "action": "Delete"
                },
                "hyperlinksChanged": {
                    "action": "Delete"
                },
                "hyperlinksUpToDate": {
                    "action": "Delete"
                },
                "keywords": {
                    "exclusions": [],
                    "changeToValue": "string",
                    "action": "Delete"
                },
                "language": {
                    "action": "Delete"
                },
                "lastAuthor": {
                    "changeToValue": "string",
                    "action": "Delete"
                },
                "lastPrintDate": {
                    "changeToValue": "2021-06-11T14:12:30.842Z",
                    "action": "Delete"
                },
                "lastSaveDate": {
                    "changeToValue": "2021-06-11T14:12:30.842Z",
                    "action": "Delete"
                },
                "lineCount": {
                    "action": "Delete"
                },
                "manager": {
                    "changeToValue": "string",
                    "action": "Delete"
                },
                "multimediaClipCount": {
                    "action": "Delete"
                },
                "noteCount": {
                    "action": "Delete"
                },
                "paragraphCount": {
                    "action": "Delete"
                },
                "presentationFormat": {
                    "action": "Delete"
                },
                "revisionNumber": {
                    "action": "Delete"
                },
                "scaleCrop": {
                    "action": "Delete"
                },
                "security": {
                    "action": "Delete"
                },
                "sharedDocument": {
                    "action": "Delete"
                },
                "slideCount": {
                    "action": "Delete"
                },
                "subject": {
                    "changeToValue": "string",
                    "action": "Delete"
                },
                "template": {
                    "action": "Delete"
                },
                "title": {
                    "changeToValue": "string",
                    "action": "Delete"
                },
                "totalEditingTime": {
                    "action": "Delete"
                },
                "wordCount": {
                    "action": "Delete"
                }
            },
            "comments": {
                "alert": true,
                "action": "Delete"
            },
            "customProperties": {
                "exclusions": [],
                "action": "Delete"
            },
            "customUiXml": {
                "action": "Delete"
            },
            "customXml": {
                "action": "Delete"
            },
            "hiddenObjects": {
                "action": "Delete"
            },
            "inkAnnotations": {
                "action": "Delete"
            },
            "notes": {
                "alert": true,
                "action": "Delete"
            },
            "obfuscatedText": {
                "action": "Delete"
            },
            "offSlideContent": {
                "action": "Delete"
            },
            "personalInformation": {
                "action": "Delete"
            },
            "slideAndPresentationTags": {
                "action": "Delete"
            },
            "vbaCode": {
                "action": "Delete"
            },
            "alternativeText": {
                "action": "Delete"
            },
            "animations": {
                "action": "Delete"
            },
            "hiddenSlides": {
                "action": "Delete"
            },
            "oleObjects": {
                "action": "Delete"
            },
            "smallText": {
                "threshold": 0,
                "action": "Delete"
            },
            "thumbnail": {
                "action": "Delete"
            },
            "unusedMasters": {
                "action": "Delete"
            },
            "xmlComments": {
                "action": "Delete"
            },
            "audioFiles": {
                "action": "Delete"
            },
            "footers": {
                "action": "Delete"
            },
            "headers": {
                "action": "Delete"
            },
            "hyperlinks": {
                "action": "Leave"
            },
            "moviesMultimedia": {
                "action": "Delete"
            }
        },
        "pdf": {
            "annotations": {
                "sounds": {
                    "action": "Delete"
                },
                "callouts": {
                    "action": "Delete"
                },
                "circles": {
                    "action": "Delete"
                },
                "cloudsAndPolygons": {
                    "action": "Delete"
                },
                "freeLines": {
                    "action": "Delete"
                },
                "highlights": {
                    "action": "Delete"
                },
                "lines": {
                    "action": "Delete"
                },
                "pencilMarkings": {
                    "action": "Delete"
                },
                "proofreadingMarks": {
                    "action": "Delete"
                },
                "squares": {
                    "action": "Delete"
                },
                "squigglyUnderlines": {
                    "action": "Delete"
                },
                "stamps": {
                    "action": "Delete"
                },
                "stickyNotes": {
                    "action": "Delete"
                },
                "strikethrough": {
                    "action": "Delete"
                },
                "textBoxes": {
                    "action": "Delete"
                },
                "underlines": {
                    "action": "Delete"
                }
            },
            "builtInProperties": {
                "author": {
                    "action": "Delete"
                },
                "creationDate": {
                    "action": "Delete"
                },
                "creator": {
                    "action": "Delete"
                },
                "keywords": {
                    "exclusions": [],
                    "action": "Delete"
                },
                "modificationDate": {
                    "action": "Delete"
                },
                "producer": {
                    "action": "Delete"
                },
                "subject": {
                    "action": "Delete"
                },
                "title": {
                    "action": "Delete"
                }
            },
            "customProperties": {
                "exclusions": [],
                "action": "Delete"
            },
            "javaScript": {
                "action": "Delete"
            },
            "fileAttachments": {
                "action": "Delete"
            },
            "bookmarks": {
                "action": "Delete"
            },
            "formFields": {
                "action": "Delete"
            },
            "hyperlinks": {
                "action": "Leave"
            },
            "images": {
                "action": "Delete"
            }
        },
        "pdfa": {
            "annotations": {
                "callouts": {
                    "action": "Delete"
                },
                "circles": {
                    "action": "Delete"
                },
                "cloudsAndPolygons": {
                    "action": "Delete"
                },
                "freeLines": {
                    "action": "Delete"
                },
                "highlights": {
                    "action": "Delete"
                },
                "lines": {
                    "action": "Delete"
                },
                "pencilMarkings": {
                    "action": "Delete"
                },
                "proofreadingMarks": {
                    "action": "Delete"
                },
                "squares": {
                    "action": "Delete"
                },
                "squigglyUnderlines": {
                    "action": "Delete"
                },
                "stamps": {
                    "action": "Delete"
                },
                "stickyNotes": {
                    "action": "Delete"
                },
                "strikethrough": {
                    "action": "Delete"
                },
                "textBoxes": {
                    "action": "Delete"
                },
                "underlines": {
                    "action": "Delete"
                }
            },
            "builtInProperties": {
                "author": {
                    "action": "Delete"
                },
                "creationDate": {
                    "action": "Delete"
                },
                "creator": {
                    "action": "Delete"
                },
                "keywords": {
                    "exclusions": [],
                    "action": "Delete"
                },
                "modificationDate": {
                    "action": "Delete"
                },
                "producer": {
                    "action": "Delete"
                },
                "subject": {
                    "action": "Delete"
                },
                "title": {
                    "action": "Delete"
                }
            },
            "fileAttachments": {
                "action": "Delete"
            },
            "bookmarks": {
                "action": "Delete"
            },
            "formFields": {
                "action": "Delete"
            },
            "hyperlinks": {
                "action": "Leave"
            },
            "images": {
                "action": "Delete"
            }
        },
        "xps": {
            "builtInProperties": {
                "authors": {
                    "action": "Delete"
                },
                "categories": {
                    "action": "Delete"
                },
                "comments": {
                    "action": "Delete"
                },
                "contentCreated": {
                    "action": "Delete"
                },
                "contentStatus": {
                    "action": "Delete"
                },
                "contentType": {
                    "action": "Delete"
                },
                "lastSaveTime": {
                    "action": "Delete"
                },
                "identifier": {
                    "action": "Delete"
                },
                "language": {
                    "action": "Delete"
                },
                "lastPrintDate": {
                    "action": "Delete"
                },
                "lastAuthor": {
                    "action": "Delete"
                },
                "revisionNumber": {
                    "action": "Delete"
                },
                "subject": {
                    "action": "Delete"
                },
                "tags": {
                    "action": "Delete"
                },
                "title": {
                    "action": "Delete"
                },
                "versionNumber": {
                    "action": "Delete"
                }
            }
        },
        "image": {
            "bmp": {
                "action": "Delete"
            },
            "gif": {
                "action": "Delete"
            },
            "jpeg": {
                "action": "Delete"
            },
            "png": {
                "action": "Delete"
            },
            "tiff": {
                "action": "Delete"
            }
        }
    }
}